{
  "r2_score": 0.7559574962012494,
  "mae": 0.6482608695652177,
  "max_error": 7.5
}