{
  "r2_score": 0.7536518656086442,
  "mae": 0.6626086956521738,
  "max_error": 6.9
}